fill	x	y	key	showSelected1
#F8766D	1	41	1	May
#F8766D	2	36	2	May
#F8766D	3	12	3	May
#F8766D	4	18	4	May
#F8766D	6	28	6	May
#F8766D	7	23	7	May
#F8766D	8	19	8	May
#F8766D	9	8	9	May
#F8766D	11	7	11	May
#F8766D	12	16	12	May
#F8766D	13	11	13	May
#F8766D	14	14	14	May
#F8766D	15	18	15	May
#F8766D	16	14	16	May
#F8766D	17	34	17	May
#F8766D	18	6	18	May
#F8766D	19	30	19	May
#F8766D	20	11	20	May
#F8766D	21	1	21	May
#F8766D	22	11	22	May
#F8766D	23	4	23	May
#F8766D	24	32	24	May
#F8766D	28	23	28	May
#F8766D	29	45	29	May
#F8766D	30	115	30	May
#F8766D	31	37	31	May
#A3A500	7	29	38	Jun
#A3A500	9	71	40	Jun
#A3A500	10	39	41	Jun
#A3A500	13	23	44	Jun
#A3A500	16	21	47	Jun
#A3A500	17	37	48	Jun
#A3A500	18	20	49	Jun
#A3A500	19	12	50	Jun
#A3A500	20	13	51	Jun
#00BF7D	1	135	62	Jul
#00BF7D	2	49	63	Jul
#00BF7D	3	32	64	Jul
#00BF7D	5	64	66	Jul
#00BF7D	6	40	67	Jul
#00BF7D	7	77	68	Jul
#00BF7D	8	97	69	Jul
#00BF7D	9	97	70	Jul
#00BF7D	10	85	71	Jul
#00BF7D	12	10	73	Jul
#00BF7D	13	27	74	Jul
#00BF7D	15	7	76	Jul
#00BF7D	16	48	77	Jul
#00BF7D	17	35	78	Jul
#00BF7D	18	61	79	Jul
#00BF7D	19	79	80	Jul
#00BF7D	20	63	81	Jul
#00BF7D	21	16	82	Jul
#00BF7D	24	80	85	Jul
#00BF7D	25	108	86	Jul
#00BF7D	26	20	87	Jul
#00BF7D	27	52	88	Jul
#00BF7D	28	82	89	Jul
#00BF7D	29	50	90	Jul
#00BF7D	30	64	91	Jul
#00BF7D	31	59	92	Jul
#00B0F6	1	39	93	Aug
#00B0F6	2	9	94	Aug
#00B0F6	3	16	95	Aug
#00B0F6	4	78	96	Aug
#00B0F6	5	35	97	Aug
#00B0F6	6	66	98	Aug
#00B0F6	7	122	99	Aug
#00B0F6	8	89	100	Aug
#00B0F6	9	110	101	Aug
#00B0F6	12	44	104	Aug
#00B0F6	13	28	105	Aug
#00B0F6	14	65	106	Aug
#00B0F6	16	22	108	Aug
#00B0F6	17	59	109	Aug
#00B0F6	18	23	110	Aug
#00B0F6	19	31	111	Aug
#00B0F6	20	44	112	Aug
#00B0F6	21	21	113	Aug
#00B0F6	22	9	114	Aug
#00B0F6	24	45	116	Aug
#00B0F6	25	168	117	Aug
#00B0F6	26	73	118	Aug
#00B0F6	28	76	120	Aug
#00B0F6	29	118	121	Aug
#00B0F6	30	84	122	Aug
#00B0F6	31	85	123	Aug
#E76BF3	1	96	124	Sep
#E76BF3	2	78	125	Sep
#E76BF3	3	73	126	Sep
#E76BF3	4	91	127	Sep
#E76BF3	5	47	128	Sep
#E76BF3	6	32	129	Sep
#E76BF3	7	20	130	Sep
#E76BF3	8	23	131	Sep
#E76BF3	9	21	132	Sep
#E76BF3	10	24	133	Sep
#E76BF3	11	44	134	Sep
#E76BF3	12	21	135	Sep
#E76BF3	13	28	136	Sep
#E76BF3	14	9	137	Sep
#E76BF3	15	13	138	Sep
#E76BF3	16	46	139	Sep
#E76BF3	17	18	140	Sep
#E76BF3	18	13	141	Sep
#E76BF3	19	24	142	Sep
#E76BF3	20	16	143	Sep
#E76BF3	21	13	144	Sep
#E76BF3	22	23	145	Sep
#E76BF3	23	36	146	Sep
#E76BF3	24	7	147	Sep
#E76BF3	25	14	148	Sep
#E76BF3	26	30	149	Sep
#E76BF3	28	14	151	Sep
#E76BF3	29	18	152	Sep
#E76BF3	30	20	153	Sep
